sectors,deal_count,total_amount,heat_index
人工智能,156,45.2,89.52000000000001
生物医药,134,38.6,76.76
新能源,98,32.1,58.46000000000001
半导体,87,28.4,51.84
企业服务,76,22.3,43.78
先进制造,65,18.7,37.22
新材料,54,15.2,30.72
